{
    "pillars": [
        {
            "pillar": {
                "x": -23.992175262245137,
                "y": 0.0,
                "z": -2.2771715124749154,
                "height": 10.0
            },
            "connections": [
                {
                    "to_pillar_index": 1,
                    "wall_thickness": 0.5
                }
            ]
        },
        {
            "pillar": {
                "x": 25.300098160786877,
                "y": 0.0,
                "z": -72.19525478995342,
                "height": 10.0
            },
            "connections": [
                {
                    "to_pillar_index": 2,
                    "wall_thickness": 0.5
                }
            ]
        },
        {
            "pillar": {
                "x": 27.59829812498457,
                "y": 0.0,
                "z": -70.0064025980659,
                "height": 10.0
            },
            "connections": [
                {
                    "to_pillar_index": 3,
                    "wall_thickness": 0.5
                }
            ]
        },
        {
            "pillar": {
                "x": 34.67456918935544,
                "y": 0.0,
                "z": -24.747408822082686,
                "height": 10.0
            },
            "connections": [
                {
                    "to_pillar_index": 4,
                    "wall_thickness": 0.5
                }
            ]
        },
        {
            "pillar": {
                "x": 34.30255346624486,
                "y": 0.0,
                "z": -18.661119914230227,
                "height": 10.0
            },
            "connections": [
                {
                    "to_pillar_index": 5,
                    "wall_thickness": 0.5
                }
            ]
        },
        {
            "pillar": {
                "x": 32.76267309150592,
                "y": 0.0,
                "z": -16.6484174764574,
                "height": 10.0
            },
            "connections": [
                {
                    "to_pillar_index": 6,
                    "wall_thickness": 0.5
                }
            ]
        },
        {
            "pillar": {
                "x": 31.273990353230534,
                "y": 0.0,
                "z": -14.801940077047638,
                "height": 10.0
            },
            "connections": [
                {
                    "to_pillar_index": 7,
                    "wall_thickness": 0.5
                }
            ]
        },
        {
            "pillar": {
                "x": 24.69644660570724,
                "y": 0.0,
                "z": -6.928784482544372,
                "height": 10.0
            },
            "connections": [
                {
                    "to_pillar_index": 8,
                    "wall_thickness": 0.5
                }
            ]
        },
        {
            "pillar": {
                "x": 9.985516459661648,
                "y": 0.0,
                "z": 9.306554874783563,
                "height": 10.0
            },
            "connections": [
                {
                    "to_pillar_index": 9,
                    "wall_thickness": 0.5
                }
            ]
        },
        {
            "pillar": {
                "x": -0.4365092279122751,
                "y": 0.0,
                "z": 18.394821581358663,
                "height": 10.0
            },
            "connections": [
                {
                    "to_pillar_index": 10,
                    "wall_thickness": 0.5
                }
            ]
        },
        {
            "pillar": {
                "x": -1.8956829096696322,
                "y": 0.0,
                "z": 17.397022040429064,
                "height": 10.0
            },
            "connections": [
                {
                    "to_pillar_index": 11,
                    "wall_thickness": 0.5
                }
            ]
        },
        {
            "pillar": {
                "x": -4.449279095080434,
                "y": 0.0,
                "z": 15.629024158998888,
                "height": 10.0
            },
            "connections": [
                {
                    "to_pillar_index": 12,
                    "wall_thickness": 0.5
                }
            ]
        },
        {
            "pillar": {
                "x": -21.154229928241822,
                "y": 0.0,
                "z": 1.392316605044712,
                "height": 10.0
            },
            "connections": [
                {
                    "to_pillar_index": 0,
                    "wall_thickness": 0.5
                }
            ]
        }
    ]
}